{"count":1,"self":7.3508423999999994,"total":11.644871499999999,"children":{"InitializeActuators":{"count":1,"self":0.0015004999999999999,"total":0.0015004999999999999,"children":null},"InitializeSensors":{"count":1,"self":0.0069882999999999994,"total":0.0069882999999999994,"children":null},"AgentSendState":{"count":7234,"self":0.013943599999999999,"total":4.2440774999999995,"children":{"CollectObservations":{"count":1809,"self":0.0074900999999999995,"total":0.0074900999999999995,"children":null},"WriteActionMask":{"count":1809,"self":0.0004996,"total":0.0004996,"children":null},"RequestDecision":{"count":1809,"self":0.025490099999999998,"total":4.2221442,"children":{"CameraSensor.GetCompressedObservation":{"count":1809,"self":4.196654,"total":4.1966541,"children":null}}}}},"DecideAction":{"count":7234,"self":0.0194467,"total":0.0194467,"children":null},"AgentAct":{"count":7234,"self":0.0210166,"total":0.0210166,"children":null}},"gauges":{},"metadata":{"timer_format_version":"0.1.0","start_time_seconds":"1629093444","unity_version":"2020.3.10f1","command_line_arguments":"C:\\Program Files\\Unity\\2020.3.10f1\\Editor\\Unity.exe -projectpath C:\/Users\/jaeyo\/Desktop\/all stuff\/Coding\/Unity\/Maze Sim\/Ml-agent-with-gym -useHub -hubIPC -cloudEnvironment production -hubSessionId 131fffe0-fe38-11eb-98e3-9df7314cf777 -accessToken 3d1xtlU5LLgoUblsYzLcT8lGWQVwr_0ul8RO0JYrC_Y012f","communication_protocol_version":"1.5.0","com.unity.ml-agents_version":"2.1.0-exp.1","scene_name":"SampleScene","end_time_seconds":"1629093456"}}