{"count":1,"self":10431.3208832,"total":26448.730230099998,"children":{"InitializeActuators":{"count":1,"self":0.0015006,"total":0.0015006,"children":null},"InitializeSensors":{"count":1,"self":0.0009973,"total":0.0009973,"children":null},"AgentSendState":{"count":20002052,"self":41.39232,"total":186.0682302,"children":{"CollectObservations":{"count":4000411,"self":6.8607464,"total":6.8607461999999995,"children":null},"WriteActionMask":{"count":4000411,"self":2.1428176,"total":2.1428176,"children":null},"RequestDecision":{"count":4000411,"self":19.1183792,"total":135.672345,"children":{"AgentInfo.ToProto":{"count":4000411,"self":24.1897216,"total":116.5539664,"children":{"GenerateSensorData":{"count":4000411,"self":92.36424319999999,"total":92.36424559999999,"children":null}}}}}}},"DecideAction":{"count":20002052,"self":15662.3372288,"total":15662.337483899999,"children":null},"AgentAct":{"count":20002052,"self":168.9582336,"total":168.9752435,"children":{"AgentInfo.ToProto":{"count":844,"self":0.0035028,"total":0.017006999999999998,"children":{"GenerateSensorData":{"count":844,"self":0.0135042,"total":0.0135042,"children":null}}}}},"AgentInfo.ToProto":{"count":927,"self":0.0034977999999999997,"total":0.0245066,"children":{"GenerateSensorData":{"count":927,"self":0.021008799999999998,"total":0.021008799999999998,"children":null}}}},"gauges":{"MazeAgent2.CumulativeReward":{"count":1771,"max":0.9909771,"min":-4.801623,"runningAverage":-1.64055109,"value":0.984400451,"weightedAverage":-0.806117058}},"metadata":{"timer_format_version":"0.1.0","start_time_seconds":"1628317664","unity_version":"2020.3.10f1","command_line_arguments":"C:\\Program Files\\Unity\\2020.3.10f1\\Editor\\Unity.exe -projectpath C:\/Users\/jaeyo\/Desktop\/all stuff\/Coding\/Unity\/Maze Sim\/Ml-agent-with-gym -useHub -hubIPC -cloudEnvironment production -hubSessionId e4a03830-f728-11eb-bc49-fb50259fb720 -accessToken x4fTRMOSQyGybPb2UtDjGRL3jl_xji2FcS09BRUfeAs012f","communication_protocol_version":"1.5.0","com.unity.ml-agents_version":"2.1.0-exp.1","scene_name":"SampleScene","end_time_seconds":"1628344113"}}