{
    "name": "root",
    "metadata": {
        "timer_format_version": "0.1.0",
        "start_time_seconds": "1627914898",
        "python_version": "3.7.9 (tags/v3.7.9:13c94747c7, Aug 17 2020, 18:58:18) [MSC v.1900 64 bit (AMD64)]",
        "command_line_arguments": "C:\\Users\\jaeyo\\Desktop\\all stuff\\Coding\\Unity\\Maze Sim\\Ml-agent-with-gym\\python-envs\\maze-env\\Scripts\\mlagents-learn Assets/Config/PPO/cameraTest.yaml --env=Build/Ml-agent-with-gym --run-id=curiosity_enabled_2 --force",
        "mlagents_version": "0.27.0",
        "mlagents_envs_version": "0.27.0",
        "communication_protocol_version": "1.5.0",
        "pytorch_version": "1.7.1+cu110",
        "numpy_version": "1.21.1",
        "end_time_seconds": "1627941819"
    },
    "total": 26920.9444566,
    "count": 1,
    "self": 0.015363199996500043,
    "children": {
        "run_training.setup": {
            "total": 0.2440582,
            "count": 1,
            "self": 0.2440582
        },
        "TrainerController.start_learning": {
            "total": 26920.6850352,
            "count": 1,
            "self": 67.40445419666503,
            "children": {
                "TrainerController._reset_env": {
                    "total": 10.840166700000001,
                    "count": 1,
                    "self": 10.840166700000001
                },
                "TrainerController.advance": {
                    "total": 26842.104455003337,
                    "count": 1376849,
                    "self": 33.52039290393441,
                    "children": {
                        "env_step": {
                            "total": 26808.584062099402,
                            "count": 1376849,
                            "self": 18213.04978640028,
                            "children": {
                                "SubprocessEnvManager._take_step": {
                                    "total": 8549.227956399862,
                                    "count": 1376849,
                                    "self": 190.77930240058413,
                                    "children": {
                                        "TorchPolicy.evaluate": {
                                            "total": 8358.448653999278,
                                            "count": 1376253,
                                            "self": 3014.503323000664,
                                            "children": {
                                                "TorchPolicy.sample_actions": {
                                                    "total": 5343.945330998614,
                                                    "count": 1376253,
                                                    "self": 5343.945330998614
                                                }
                                            }
                                        }
                                    }
                                },
                                "workers": {
                                    "total": 46.30631929926197,
                                    "count": 1376848,
                                    "self": 0.0,
                                    "children": {
                                        "worker_root": {
                                            "total": 26830.52255160293,
                                            "count": 1376848,
                                            "is_parallel": true,
                                            "self": 11786.24890560243,
                                            "children": {
                                                "steps_from_proto": {
                                                    "total": 0.03872880000000123,
                                                    "count": 1,
                                                    "is_parallel": true,
                                                    "self": 0.00028200000000033754,
                                                    "children": {
                                                        "_process_maybe_compressed_observation": {
                                                            "total": 0.03844680000000089,
                                                            "count": 2,
                                                            "is_parallel": true,
                                                            "self": 0.00010070000000084178,
                                                            "children": {
                                                                "_observation_to_np_array": {
                                                                    "total": 0.03834610000000005,
                                                                    "count": 1,
                                                                    "is_parallel": true,
                                                                    "self": 6.089999999936424e-05,
                                                                    "children": {
                                                                        "process_pixels": {
                                                                            "total": 0.038285200000000685,
                                                                            "count": 1,
                                                                            "is_parallel": true,
                                                                            "self": 0.0017569000000019486,
                                                                            "children": {
                                                                                "image_decompress": {
                                                                                    "total": 0.03652829999999874,
                                                                                    "count": 3,
                                                                                    "is_parallel": true,
                                                                                    "self": 0.03652829999999874
                                                                                }
                                                                            }
                                                                        }
                                                                    }
                                                                }
                                                            }
                                                        }
                                                    }
                                                },
                                                "UnityEnvironment.step": {
                                                    "total": 15044.234917200502,
                                                    "count": 1376848,
                                                    "is_parallel": true,
                                                    "self": 234.3590808036679,
                                                    "children": {
                                                        "UnityEnvironment._generate_step_input": {
                                                            "total": 203.5380935990134,
                                                            "count": 1376848,
                                                            "is_parallel": true,
                                                            "self": 203.5380935990134
                                                        },
                                                        "communicator.exchange": {
                                                            "total": 9668.34451099851,
                                                            "count": 1376848,