{
    "name": "root",
    "gauges": {
        "MazeAgent2.Policy.Entropy.mean": {
            "value": 1.3555161952972412,
            "min": 1.3555161952972412,
            "max": 1.3605492115020752,
            "count": 16
        },
        "MazeAgent2.Policy.Entropy.sum": {
            "value": 1355.5162353515625,
            "min": 1354.3800048828125,
            "max": 1809.646484375,
            "count": 16
        },
        "MazeAgent2.IsTraining.mean": {
            "value": 1.0,
            "min": 1.0,
            "max": 1.0,
            "count": 16
        },
        "MazeAgent2.IsTraining.sum": {
            "value": 1.0,
            "min": 1.0,
            "max": 1.0,
            "count": 16
        },
        "MazeAgent2.Step.mean": {
            "value": 415975.0,
            "min": 401382.0,
            "max": 415975.0,
            "count": 15
        },
        "MazeAgent2.Step.sum": {
            "value": 415975.0,
            "min": 401382.0,
            "max": 415975.0,
            "count": 15
        },
        "MazeAgent2.Policy.ExtrinsicValueEstimate.mean": {
            "value": -0.09613518416881561,
            "min": -0.09764347225427628,
            "max": -0.08295401930809021,
            "count": 15
        },
        "MazeAgent2.Policy.ExtrinsicValueEstimate.sum": {
            "value": -0.09613518416881561,
            "min": -0.19469121098518372,
            "max": -0.08295401930809021,
            "count": 15
        },
        "MazeAgent2.Environment.EpisodeLength.mean": {
            "value": 1999.0,
            "min": 257.0,
            "max": 1999.0,
            "count": 10
        },
        "MazeAgent2.Environment.EpisodeLength.sum": {
            "value": 1999.0,
            "min": 257.0,
            "max": 1999.0,
            "count": 10
        },
        "MazeAgent2.Environment.CumulativeReward.mean": {
            "value": -0.6670001447200775,
            "min": -2.000000238418579,
            "max": -0.6285001337528229,
            "count": 7
        },
        "MazeAgent2.Environment.CumulativeReward.sum": {
            "value": -1.334000289440155,
            "min": -2.000000238418579,
            "max": -1.2570002675056458,
            "count": 7
        },
        "MazeAgent2.Policy.ExtrinsicReward.mean": {
            "value": -0.6670001447200775,
            "min": -2.000000238418579,
            "max": -0.6285001337528229,
            "count": 7
        },
        "MazeAgent2.Policy.ExtrinsicReward.sum": {
            "value": -1.334000289440155,
            "min": -2.000000238418579,
            "max": -1.2570002675056458,
            "count": 7
        },
        "MazeAgent2.Losses.PolicyLoss.mean": {
            "value": 0.09980737062953952,
            "min": 0.09359412440571233,
            "max": 0.11853069088288716,
            "count": 5
        },
        "MazeAgent2.Losses.PolicyLoss.sum": {
            "value": 0.09980737062953952,
            "min": 0.09359412440571233,
            "max": 0.11853069088288716,
            "count": 5
        },
        "MazeAgent2.Losses.ValueLoss.mean": {
            "value": 6.745013903569549e-06,
            "min": 6.745013903569549e-06,
            "max": 0.012679694247032915,
            "count": 5
        },
        "MazeAgent2.Losses.ValueLoss.sum": {
            "value": 6.745013903569549e-06,
            "min": 6.745013903569549e-06,
            "max": 0.012679694247032915,
            "count": 5
        },
        "MazeAgent2.Policy.LearningRate.mean": {
            "value": 0.00014451005183,
            "min": 0.00014451005183,
            "max": 0.00014873180042274998,
            "count": 5
        },
        "MazeAgent2.Policy.LearningRate.sum": {
            "value": 0.00014451005183,
            "min": 0.00014451005183,
            "max": 0.00014873180042274998,
            "count": 5
        },
        "MazeAgent2.Policy.Epsilon.mean": {
            "value": 0.14817000000000002,
            "min": 0.14817000000000002,
            "max": 0.14957725,
            "count": 5
        },
        "MazeAgent2.Policy.Epsilon.sum": {
            "value": 0.14817000000000002,
            "min": 0.14817000000000002,
            "max": 0.14957725,
            "count": 5
        },
        "MazeAgent2.Policy.Beta.mean": {
            "value": 0.0004868830000000001,
            "min": 0.0004868830000000001,
            "max": 0.000500814775,
            "count": 5
        },
        "MazeAgent2.Policy.Beta.sum": {
            "value": 0.0004868830000000001,
            "min": 0.0004868830000000001,
            "max": 0.000500814775,
            "count": 5
        }
    },
    "metadata": {
        "timer_format_version": "0.1.0",
        "start_time_seconds": "1627721637",
        "python_version": "3.7.9 (tags/v3.7.9:13c94747c7, Aug 17 2020, 18:58:18) [MSC v.1900 64 bit (AMD64)]",
        "command_line_arguments": "C:\\Users\\jaeyo\\Desktop\\all stuff\\Coding\\Unity\\Maze Sim\\Ml-agent-with-gym\\python-envs\\maze-env\\Scripts\\mlagents-learn Assets/config/PPO/cameraTest.yaml --run-id=MazeAgent2 --resume",
        "mlagents_version": "0.27.0",
        "mlagents_envs_version": "0.27.0",
        "communication_protocol_version": "1.5.0",
        "pytorch_version": "1.7.1+cu110",
        "numpy_version": "1.21.1",
        "end_time_seconds": "1627721846"
    },
    "total": 208.7979372,
    "count": 1,
    "self": 0.005022100000019236,
    "children": {
        "run_training.setup": {
            "total": 0.0974682,
            "count": 1,
            "self": 0.0974682
        },
        "TrainerController.start_learning": {
            "total": 208.69544689999998,
            "count": 1,
            "self": 1.3645014000010178,
            "children": {
                "TrainerController._reset_env": {
                    "total": 6.0960151,
                    "count": 1,
                    "self": 6.0960151
                },
                "TrainerController.advance": {
                    "total": 201.07131459999894,
                    "count": 16618,
                    "self": 0.17339679999975033,
                    "children": {
                        "env_step": {
                            "total": 200.8979177999992,
                            "count": 16618,
                            "self": 165.03945619999791,
                            "children": {
                                "SubprocessEnvManager._take_step": {
                                    "total": 35.61672390000167,
                                    "count": 16618,
                                    "self": 1.1210223000029131,
                                    "children": {
                                        "TorchPolicy.evaluate": {
                                            "total": 34.49570159999876,
                                            "count": 16614,
                                            "self": 12.785579999999293,
                                            "children": {
                                                "TorchPolicy.sample_actions": {
                                                    "total": 21.710121599999468,
                                                    "count": 16614,
                                                    "self": 21.710121599999468
                                                }
                                            }
                                        }
                                    }
                                },
                                "workers": {
                                    "total": 0.24173769999961436,
                                    "count": 16617,
                                    "self": 0.0,
                                    "children": {
                                        "worker_root": {
                                            "total": 202.1578713999986,
                                            "count": 16617,