{
    "name": "root",
    "gauges": {
        "agent2.Policy.Entropy.mean": {
            "value": 1.3252646923065186,
            "min": 1.3158795833587646,
            "max": 1.4217240810394287,
            "count": 40
        },
        "agent2.Policy.Entropy.sum": {
            "value": 6693.912109375,
            "min": 6472.158203125,
            "max": 7122.0625,
            "count": 40
        },
        "agent2.Environment.EpisodeLength.mean": {
            "value": 16.538194444444443,
            "min": 11.01923076923077,
            "max": 24.566326530612244,
            "count": 40
        },
        "agent2.Environment.EpisodeLength.sum": {
            "value": 4763.0,
            "min": 4584.0,
            "max": 4901.0,
            "count": 40
        },
        "agent2.Step.mean": {
            "value": 199975.0,
            "min": 4975.0,
            "max": 199975.0,
            "count": 40
        },
        "agent2.Step.sum": {
            "value": 199975.0,
            "min": 4975.0,
            "max": 199975.0,
            "count": 40
        },
        "agent2.Policy.ExtrinsicValueEstimate.mean": {
            "value": 0.8120949268341064,
            "min": -0.6460349559783936,
            "max": 0.8120949268341064,
            "count": 40
        },
        "agent2.Policy.ExtrinsicValueEstimate.sum": {
            "value": 233.88333129882812,
            "min": -217.71377563476562,
            "max": 245.46527099609375,
            "count": 40
        },
        "agent2.Environment.CumulativeReward.mean": {
            "value": 0.8169826432648633,
            "min": -0.6591807194502957,
            "max": 0.8543911128573948,
            "count": 40
        },
        "agent2.Environment.CumulativeReward.sum": {
            "value": 235.2910012602806,
            "min": -273.5599985718727,
            "max": 268.3270005583763,
            "count": 40
        },
        "agent2.Policy.ExtrinsicReward.mean": {
            "value": 0.8169826432648633,
            "min": -0.6591807194502957,
            "max": 0.8543911128573948,
            "count": 40
        },
        "agent2.Policy.ExtrinsicReward.sum": {
            "value": 235.2910012602806,
            "min": -273.5599985718727,
            "max": 268.3270005583763,
            "count": 40
        },
        "agent2.Losses.PolicyLoss.mean": {
            "value": 0.11106320512287009,
            "min": 0.08520252652427493,
            "max": 0.11106320512287009,
            "count": 40
        },
        "agent2.Losses.PolicyLoss.sum": {
            "value": 0.22212641024574017,
            "min": 0.17040505304854986,
            "max": 0.31322545006211533,
            "count": 40
        },
        "agent2.Losses.ValueLoss.mean": {
            "value": 0.17014742689207196,
            "min": 0.1153987074762376,
            "max": 0.4911072783482572,
            "count": 40
        },
        "agent2.Losses.ValueLoss.sum": {
            "value": 0.3402948537841439,
            "min": 0.29779248309205286,
            "max": 1.3579370918062827,
            "count": 40
        },
        "agent2.Policy.LearningRate.mean": {
            "value": 3.5108488297500006e-06,
            "min": 3.5108488297500006e-06,
            "max": 0.0002953567515477499,
            "count": 40
        },
        "agent2.Policy.LearningRate.sum": {
            "value": 7.021697659500001e-06,
            "min": 7.021697659500001e-06,
            "max": 0.0008443035185655,
            "count": 40
        },
        "agent2.Policy.Epsilon.mean": {
            "value": 0.10117024999999999,
            "min": 0.10117024999999999,
            "max": 0.19845225,
            "count": 40
        },
        "agent2.Policy.Epsilon.sum": {
            "value": 0.20234049999999998,
            "min": 0.20234049999999998,
            "max": 0.5814345,
            "count": 40
        },
        "agent2.Policy.Beta.mean": {
            "value": 2.1585475000000004e-05,
            "min": 2.1585475000000004e-05,
            "max": 0.000984677275,
            "count": 40
        },
        "agent2.Policy.Beta.sum": {
            "value": 4.317095000000001e-05,
            "min": 4.317095000000001e-05,
            "max": 0.0028162015499999995,
            "count": 40
        },
        "agent2.IsTraining.mean": {
            "value": 1.0,
            "min": 1.0,
            "max": 1.0,
            "count": 40
        },
        "agent2.IsTraining.sum": {
            "value": 1.0,
            "min": 1.0,
            "max": 1.0,
            "count": 40
        }
    },
    "metadata": {
        "timer_format_version": "0.1.0",
        "start_time_seconds": "1627640749",
        "python_version": "3.8.10 (tags/v3.8.10:3d8993a, May  3 2021, 11:48:03) [MSC v.1928 64 bit (AMD64)]",
        "command_line_arguments": "C:\\Users\\jaeyo\\AppData\\Local\\Programs\\Python\\Python38\\Scripts\\mlagents-learn Config\\PPO\\cameraTest.yaml --run-id agent2 --force",
        "mlagents_version": "0.27.0",
        "mlagents_envs_version": "0.27.0",
        "communication_protocol_version": "1.5.0",
        "pytorch_version": "1.7.1+cu110",
        "numpy_version": "1.19.5",
        "end_time_seconds": "1627643118"
    },
    "total": 2369.2860884,
    "count": 1,
    "self": 0.00840410000000702,
    "children": {
        "run_training.setup": {
            "total": 0.10599969999999992,
            "count": 1,
            "self": 0.10599969999999992
        },
        "TrainerController.start_learning": {
            "total": 2369.1716846,
            "count": 1,
            "self": 4.236967100031507,
            "children": {
                "TrainerController._reset_env": {
                    "total": 7.8649408,
                    "count": 1,
                    "self": 7.8649408
                },
                "TrainerController.advance": {
                    "total": 2356.5349554999684,
                    "count": 208229,
                    "self": 1.878109099957328,
                    "children": {
                        "env_step": {
                            "total": 2354.656846400011,
                            "count": 208229,
                            "self": 1922.608408000062,
                            "children": {
                                "SubprocessEnvManager._take_step": {
                                    "total": 429.25681720002984,
                                    "count": 208229,
                                    "self": 12.344364499948085,
                                    "children": {
                                        "TorchPolicy.evaluate": {
                                            "total": 416.91245270008176,
                                            "count": 200054,
                                            "self": 152.6731045000211,
                                            "children": {
                                                "TorchPolicy.sample_actions": {
                                                    "total": 264.23934820006065,
                                                    "count": 200054,
                                                    "self": 264.23934820006065
                                                }
                                            }
                                        }
                                    }
                                },
                                "workers": {
                                    "total": 2.7916211999194758,
                                    "count": 208229,
                                    "self": 0.0,
                                    "children": {
                                        "worker_root": {
                                            "total": 2358.7721597000145,
                                            "count": 208229,
                                            "is_parallel": true,